<?xml version="1.0" encoding="utf-8"?>
<data>
    <categories>
        <category id="1" title="Featured"/>
        <category id="2" title="Articles"/>
    </categories>
    <articles>
        <article id="1" category="2" title="Accueil" alias="article" path="/accueil" description="" keywords="">
            <![CDATA[<div class="art-content-layout-wrapper" style="margin-bottom: 5px;">
<div class="art-content-layout" style="border-top-style:solid;border-right-style:solid;border-bottom-style:solid;border-left-style:solid;border-top-width:1px;border-right-width:1px;border-bottom-width:1px;border-left-width:1px;border-top-color:#CCCCCC;border-right-color:#CCCCCC;border-bottom-color:#CCCCCC;border-left-color:#CCCCCC; color: #2B2B2B; background: #FFFFFF;background: rgba(255, 255, 255, 0.5); border-spacing: 0px 10px; border-collapse: separate; border-radius: 10px; ">
    <div class="art-content-layout-row">
    <div class="art-layout-cell" style="border-right-style:solid;border-right-width:1px;border-right-color:#CCCCCC; color: #2B2B2B; padding-right: 10px;padding-left: 10px; width:25%" >
        <h3>Combinaisons</h3><p><img width="64" height="64" alt="" src="images/template-content/41_64x64.png" style="float:left;margin-right:10px;" class=""></p>Nous affinons et précisons vos idées afin de les rendres meilleures.<p><a href="#">Davantage...</a></p>
    </div><div class="art-layout-cell" style="border-right-style:solid;border-right-width:1px;border-right-color:#CCCCCC; color: #262626; background: #EDEDED url('images/template-content/f4173.png') scroll; padding-right: 10px;padding-left: 10px; width:25%" >
        <h3>Résultats</h3><p><img width="64" height="64" alt="" src="images/template-content/48_64x64.png" style="float:left;margin-right:10px;" class=""></p><p>Résultats garantits.</p><p>Nos équipes travaillent vite et bien</p><p><a href="#">Davantage...</a></p>
    </div><div class="art-layout-cell" style="border-right-style:solid;border-right-width:1px;border-right-color:#CCCCCC; color: #2B2B2B; background: ; padding-right: 10px;padding-left: 10px; width:25%" >
        <h3>performance</h3><p><img width="64" height="64" alt="" src="images/template-content/15_64x64.png" style="float:left;margin-right:10px;" class=""></p><p style="text-align: left;">Toutes nos conceptions sont optimisées pour une execution rapide.</p><p><a href="#">Davantage...</a></p>
    </div><div class="art-layout-cell" style="color: #262626; background: #EDEDED url('images/template-content/adc31.png') scroll; padding-right: 10px;padding-left: 10px; width:25%" >
        <h3>Reporting</h3><p><img width="64" height="64" alt="" src="images/template-content/34_64x64.png" style="float:left;margin-right:10px;" class=""></p><p>Bilans réguliers avec notre équipe. Suivi personnalisé et continu.</p><p><a href="#">Davantage...</a></p>
    </div>
    </div>
</div>
</div>
<div class="art-content-layout-wrapper" style="margin-bottom: 5px;">
<div class="art-content-layout">
    <div class="art-content-layout-row">
    <div class="art-layout-cell" style="color: #404040; padding-right: 10px;padding-left: 10px; width:100%" >
        <br>
    </div>
    </div>
</div>
</div>
<div class="art-content-layout-wrapper" style="margin-bottom: 5px;">
<div class="art-content-layout">
    <div class="art-content-layout-row">
    <div class="art-layout-cell" style="border-right-style:solid;border-right-width:1px;border-right-color:#CCCCCC; color: #404040; padding-right: 10px;padding-left: 10px; width:30%" >
        <h1><span style="color: #397298;">Nos engagements</span></h1><ul><li>Rapidité de mise en oeuvre</li><li>Qualité de service</li><li>Modèle inédit</li><li>Social Management</li><li>Conception intégrale ou partielle</li><li>Utilisation de CMS</li><li>HTML 5, PHP, Javascript, Flash</li><li>Votre site sur mesure</li><li>Devis gratuit</li><li>Sites rapides et performants&nbsp;</li><li>Votre design à la demande</li><li>Prix compétitifs</li><li>Simple vitrine ou conception avancée</li><li>Applications Android, iOS, WP</li></ul>
    </div><div class="art-layout-cell" style="border-right-style:solid;border-right-width:1px;border-right-color:#CCCCCC; padding-right: 10px;padding-left: 10px; width:35%" >
        <h1><span style="color: #397298;">Notre conception</span></h1><p><img width="250" height="236" alt="" src="images/template-content/shutterstock_28649449.jpg" class=""></p><p>Myidea.fr vous guide et vous épaule de A à Z dans la mise en œuvre de vos idées. Le contact permanent avec chef de projet attitré vous garantit un suivi et un contrôle total de vos concepts.</p><p>Vous avez également la possibilité de tout gérer vous même, et ce depuis n'importe quel point de la planète.</p><p>En savoir plus</p>
    </div><div class="art-layout-cell" style="color: #404040; padding-right: 10px;padding-left: 10px; width:35%" >
        <h1><span style="color: #397298;">rapport qualité/prix</span></h1><p><img width="264" height="236" alt="" src="images/template-content/shutterstock_17235442.jpg" class=""></p><p>Nous adaptons notre conception à votre budget.</p><p>Nous nous adaptons également à ce que vous possédez déjà.</p><p>Nos prix sont imbattables. Nous formons sur demande vos équipes à la gestion avancée du contenu.</p><p>En savoir plus</p>
    </div>
    </div>
</div>
</div>
]]>
        </article>
        <article id="2" category="2" title="Contacts" alias="article-1" path="/contacts" description="" keywords="">
            <![CDATA[<p>Turpis volutpat sem pulvinar sit hendrerit posuere in.   in rutrum interdum lobortis eu dictumst suspendisse porta porttitor nunc feugiat mauris posuere lacus  nullam.</p><p>Maecenas est pharetra sit vestibulum id at tempus at id metus nec. Vestibulum  in at a commodo. Volutpat praesent justo donec leo sed augue pretium eu a nulla .  Blandit eu turpis vitae curae urna phasellus.</p><h2>Our Address</h2><p>Pulvinar tincidunt sapien et. <br>  Principal Ville, Country 12345-6789</p><p>Eget tristique non.<br>  Aenean felis id . </p><p>A. <a href="http://www.domain.com">http://www.domain.com</a><br>  A. <a href="mailto:email@domain.com">email@domain.com</a></p>]]>
        </article>
    </articles>
    <menus>
        <menu id="1" name="ct-horizontal-menu" title="Content / Horizontal Menu"/>
        <menu id="2" name="ct-vertical-menu" title="Content / Vertical Menu"/>
        <menu id="3" name="ct-special-menu" title="Content / Special Menu"/>
    </menus>
    <menuitems>
        <menuitem id="1" menu="ct-horizontal-menu" title="Accueil" alias="ct-menu-item-1" path="/accueil" menutype="hmenu" type="single-article" article="1" showTitle="no" category="1" default="1"/>
        <menuitem id="2" menu="ct-vertical-menu" title="Accueil" alias="ct-menu-item-2" path="/accueil" menutype="vmenu" type="single-article" article="1" showTitle="no" category="1"/>
        <menuitem id="3" menu="ct-horizontal-menu" title="Contacts" alias="ct-menu-item-3" path="/contacts" menutype="hmenu" type="single-article" article="2" showTitle="yes" category="1"/>
        <menuitem id="4" menu="ct-vertical-menu" title="Contacts" alias="ct-menu-item-4" path="/contacts" menutype="vmenu" type="single-article" article="2" showTitle="yes" category="1"/>
        <menuitem id="5" menu="ct-special-menu" title="Special Blog Page" alias="ct-menu-item-5" menutype="menu" type="category-blog-layout" category="1"/>
        <menuitem id="6" menu="ct-special-menu" title="Special Single Page" alias="ct-menu-item-6" menutype="menu" type="single-article" showTitle="yes" category="1"/>
    </menuitems>
    <modules>
        <module id="1" title="Content / Horizontal Menu" showTitle="true" position="position-1" type="menu" menu="ct-horizontal-menu"/>
        <module id="2" title="Footer1" showTitle="false" position="position-31" type="custom">
            <![CDATA[
        <p><br></p>
    ]]>
        </module>
        <module id="3" title="Footer2" showTitle="false" position="position-32" type="custom">
            <![CDATA[
        <p><br></p>
    ]]>
        </module>
    </modules>
    <parameters>
        <parameter id="1" name="siteTitle" value="My Idea"/>
        <parameter id="2" name="siteSlogan" value="Votre concept, notre conception"/>
    </parameters>
</data>